id;name;phone_number;email;room_id
1;Ergonomic;2694876904133;Kristina_Rolfson37@hotmail.com;1
2;drive;3789757564663;Adan.Gutkowski39@gmail.com;2
3;deposit Granite Sleek;4713453382719;Ricardo10@gmail.com;3
4;Concrete;5350813793484;Jackie_Block@hotmail.com;4
5;digital Comoros;3150313764344;Lera_Luettgen14@yahoo.com;5
6;schemas Senior disintermediate;5460625390987;Broderick_Leffler36@yahoo.com;6
7;National Curve Car;2242366659920;Esta30@hotmail.com;7
8;Kids pink Corporate;1009125739801;Magali_Krajcik@yahoo.com;8
9;transmit deposit;9207213143818;Kaya_Gislason27@hotmail.com;9
10;Chair Gloves;9339896421879;Addie.Thiel@yahoo.com;10
